{
  "incumbent_ids": [
    2
  ],
  "rejected_config_ids": [
    1,
    3,
    4,
    5,
    6,
    7,
    8
  ],
  "incumbents_changed": 2,
  "trajectory": [
    {
      "config_ids": [
        1
      ],
      "costs": [
        0.007380625698715448
      ],
      "trial": 1,
      "walltime": 14.971556901931763
    },
    {
      "config_ids": [
        2
      ],
      "costs": [
        0.006410777568817139
      ],
      "trial": 4,
      "walltime": 69.44344854354858
    }
  ],
  "state": {
    "queue": [
      [
        9,
        1
      ]
    ]
  }
}