trial_id,replicate,epoch,final_epoch_flag,train_loss,val_loss,test_loss,train_mae,val_mae,test_mae,train_rmse,val_rmse,test_rmse,train_r2,val_r2,test_r2,train_mape,val_mape,test_mape,learning_rate,batch_size,param_set_id,runtime_seconds,hyeperparameters,optimizer,dropout_rate,layers,early_stopped,total_epochs,total_trials,filename
1.0,1.0,3.6666666666666665,0.6666666666666666,0.00015919917010853333,0.00015961975926373332,0.00035556982999999996,0.14900245657890962,0.05770438833030453,0.16346245347597027,0.0086627608316331,0.015762718582551932,0.018560967713201267,0.9944507479067434,0.8964961595746211,0.9828401598300517,28034089828.258076,0.020625641622079766,0.02073447782013563,0.01,16.0,6.199514547983806,nan,nan,adam,24f36599,False,"learning_rate=0.01, batch_size=16, dropout_rate=0.2, layers=[200]",2,3,logs/kerasbo_base_lstm_2025-05-14.csv
