trial_id,replicate,epoch,final_epoch_flag,train_loss,val_loss,test_loss,train_mae,val_mae,test_mae,train_rmse,val_rmse,test_rmse,train_r2,val_r2,test_r2,train_mape,val_mape,test_mape,learning_rate,dynamic_learning_rate,batch_size,dropout_rate,runtime_seconds,optimizer,layers,param_set_id,early_stopped,hyeperparameters,total_epochs,total_trials,filename
4.5,4.5,17.0,0.3,5.873027657798957e-05,7.850662950659171e-05,0.00014765477059999998,0.0031734674185980903,0.00641399900734767,0.00893789786811065,0.004410045379048279,0.00955489002490451,0.011959657482508811,0.9988663658229766,0.9653084829881772,0.9928741652350428,0.02193415615501133,0.01134343583249709,0.01253417178242347,0.009999999999999998,0.00020312499545975,8.0,0.2,43.745455384254456,adam,[128],aceb9510,False,"optimizer=adam, learning_rate=0.01, batch_size=8, dropout_rate=0.2, layers=[128]",5,10,logs/kerasbo_base_lstm_model_runs_2025-05-14_17-21-00.csv
