trial_id,replicate,epoch,final_epoch_flag,train_loss,val_loss,test_loss,train_mae,val_mae,test_mae,train_rmse,val_rmse,test_rmse,train_r2,val_r2,test_r2,train_mape,val_mape,test_mape,learning_rate,dynamic_learning_rate,batch_size,dropout_rate,runtime_seconds,optimizer,layers,param_set_id,early_stopped,hyeperparameters,total_epochs,total_trials,filename
4.5,4.5,18.1,0.4,4.1339970266562887e-05,5.9560103909461756e-05,0.00012726725300000002,0.00246152272533427,0.005530505099072739,0.008117136346538401,0.0037701695852255398,0.008283021782676259,0.01114248998202044,0.9991838244916854,0.9740849772510487,0.9938580692269895,0.0162116087718475,0.009738457784732021,0.011371729128273101,0.009999999999999998,0.00020312499545975,4.0,0.1,95.38013393878937,nadam,[80],676f22bb,False,"optimizer=nadam, learning_rate=0.01, batch_size=4, dropout_rate=0.1, layers=[80]",4,10,logs/kerasbo_base_lstm_model_runs_2025-05-17_06-09-07.csv
